<!-- -*- mode: XML -*- -->
<launch>
  <arg name="racecar_version" default="racecar-v1" />
  <arg name="run_camera" default="false"/>

  <include file="$(find racecar)/launch/includes/common/joy_teleop.launch.xml" >
    <arg name="racecar_version" value="$(arg racecar_version)" />
  </include>
  <include file="$(find racecar)/launch/includes/$(arg racecar_version)/steering.launch.xml" />
  <include file="$(find racecar)/launch/includes/$(arg racecar_version)/throttle.launch.xml" />
  <include file="$(find racecar)/launch/includes/common/sensors.launch.xml" >
    <arg name="racecar_version" value="$(arg racecar_version)" />
  </include>
  <include file="$(find racecar)/launch/includes/$(arg racecar_version)/sensors.launch.xml">
    <arg name="run_camera" value="$(arg run_camera)" />
  </include>

</launch>
