<!-- -*- mode: XML -*- -->
<launch>
  <arg name="racecar_version" default="racecar-v2" />
  <arg name="run_camera" default="false"/>

  <group ns="vesc">
    <!-- joystick to ackermann command -->
    <include file="$(find racecar)/launch/includes/common/joy_teleop.launch.xml" >
      <arg name="racecar_version" value="$(arg racecar_version)" />
    </include>
    <!-- default (zero) ackermann command -->
    <node name="zero_ackermann_cmd" pkg="rostopic" type="rostopic" args="pub -r 4 ackermann_cmd_mux/input/default ackermann_msgs/AckermannDriveStamped '{header: auto, drive: {steering_angle: 0.0, speed: 0.0} }'" />
    <!-- priority-based command multiplexer -->
    <include file="$(find ackermann_cmd_mux)/launch/standalone.launch">
      <arg name="nodelet_manager_name" value="ackermann_cmd_mux_nodelet_manager" />
      <arg name="config_file" value="$(find racecar)/config/$(arg racecar_version)/mux.yaml" />
    </include>
    <!-- start electronic speed controller driver -->
    <include file="$(find racecar)/launch/includes/$(arg racecar_version)/vesc.launch.xml" >
      <arg name="racecar_version" value="$(arg racecar_version)" />
    </include>
  </group>

  <!-- start imu and laser scanner -->
  <include file="$(find racecar)/launch/includes/common/sensors.launch.xml" >
    <arg name="racecar_version" value="$(arg racecar_version)" />
  </include>

  <!-- static transforms, e.g. base_link to imu -->
  <include file="$(find racecar)/launch/includes/$(arg racecar_version)/static_transforms.launch.xml" />

</launch>
